id,ternary_pred,phq9_pred
1,0,1.86879107
6,0,0.80080409
8,0,0.02091837
13,0,0.95655612
18,0,1.05105665
24,0,3.58863284
26,0,0.08092506
32,0,0.03131608
33,0,0.02385433
35,0,0.16069103
45,2,10.36050656
48,1,5.36899784
51,0,1.41551260
59,1,5.07886122
69,2,16.85538225
70,0,0.67255704
83,0,0.02789004
86,0,1.06717610
91,2,13.16390076
92,1,5.67693299
97,0,2.27269010
106,1,7.24188367
117,0,0.90609992
