id,binary_pred,phq9_pred
1,0,1.53796542
6,0,1.40417424
8,0,2.00461169
13,0,2.55649598
18,0,1.42126758
24,0,1.78513161
26,0,3.00367604
32,0,1.37203606
33,0,1.37365877
35,0,1.79620782
45,0,3.49974319
48,0,2.22297477
51,0,1.47319573
59,0,2.17128931
69,0,4.92698004
70,0,1.36701820
83,0,2.04528556
86,0,2.73218166
91,0,4.73785933
92,0,3.51164143
97,0,1.82271830
106,0,4.67607963
117,0,2.30720478
