id,binary_pred,phq9_pred
1,0,1.48282782
6,0,1.50473593
8,0,2.33522725
13,0,2.82315262
18,0,1.48296940
24,0,1.48454807
26,0,3.49080121
32,0,1.59548939
33,0,1.59862618
35,0,2.06879395
45,0,2.35628263
48,0,1.69863759
51,0,1.48280959
59,0,1.68669399
69,0,2.93891300
70,0,1.48276172
83,0,2.38151815
86,0,3.00968258
91,0,3.33351909
92,0,3.15075950
97,0,1.74772300
106,0,4.24844563
117,0,2.54072226
