id,ternary_pred,phq9_pred
1,0,1.77972263
6,0,0.96324990
8,0,0.55498965
13,0,1.38730916
18,0,1.15072882
24,0,3.10307481
26,0,0.86781956
32,0,0.39227915
33,0,0.38726322
35,0,0.60102247
45,2,8.51337796
48,1,4.52199163
51,0,1.43104267
59,1,4.29605339
69,2,13.64388935
70,0,0.85952735
83,0,0.57103499
86,0,1.51544683
91,2,10.89535114
92,1,5.09396988
97,0,2.15154385
106,1,6.55109027
117,0,1.28332046
