id,binary_pred,phq9_pred
1,0,0.00000000
6,0,0.01074373
8,0,0.00000000
13,0,0.00418179
18,0,0.00000000
24,0,0.00536776
26,0,0.02676454
32,0,0.00000000
33,0,0.00000000
35,0,0.00000000
45,0,0.00000000
48,0,0.00000000
51,0,0.00000000
59,0,0.00596318
69,0,0.01337078
70,0,0.00000000
83,0,0.01700598
86,0,0.00150254
91,0,0.03281406
92,0,0.03382213
97,0,0.00487394
106,0,0.00539243
117,0,0.02503775
