id,ternary_pred,phq9_pred
1,0,1.56002047
6,0,1.36394957
8,0,1.87236547
13,0,2.44983332
18,0,1.39658685
24,0,1.90536502
26,0,2.80882598
32,0,1.28265473
33,0,1.28367181
35,0,1.68717336
45,0,3.95712742
48,0,2.43270964
51,0,1.46935019
59,0,2.36512744
69,0,5.72220685
70,0,1.32072078
83,0,1.91079253
86,0,2.62118129
91,0,5.29959542
92,0,3.65599420
97,0,1.85271642
106,0,4.84713323
117,0,2.21379779
