id,ternary_pred,phq9_pred
1,0,1.72405485
6,0,1.06477853
8,0,0.88878420
13,0,1.65652981
18,0,1.21302393
24,0,2.79960105
26,0,1.35962862
32,0,0.61788107
33,0,0.61439378
35,0,0.87622962
45,2,7.35892259
48,1,3.99261275
51,0,1.44074897
59,1,3.80679851
69,2,11.63670628
70,0,0.97638379
83,0,0.91050058
86,0,1.79561603
91,2,9.47750763
92,1,4.72961793
97,0,2.07582744
106,1,6.11934440
117,0,1.51908330
