id,ternary_pred,phq9_pred
1,0,2.69462388
6,1,4.32713010
8,0,5.68372499
13,0,5.77652812
18,0,4.74325419
24,1,3.37532709
26,1,6.37263044
32,0,4.63671909
33,0,4.72568885
35,0,1.16644523
45,0,4.54549752
48,0,4.91338708
51,0,3.76269433
59,0,5.32222027
69,1,3.61382583
70,0,0.00000000
83,1,6.49091443
86,1,6.25803974
91,1,6.97111067
92,1,6.66949526
97,0,2.63770512
106,0,6.12269780
117,1,5.94759303
