id,binary_pred,phq9_pred
1,0,0.00000000
6,0,0.05459884
8,0,2.55784856
13,0,4.01695554
18,0,0.00000000
24,0,0.00000000
26,1,5.99802070
32,0,0.33811365
33,0,0.34744833
35,0,1.75811291
45,0,2.62048358
48,0,0.64756632
51,0,0.00000000
59,0,0.60537668
69,1,4.35537010
70,0,0.00000000
83,0,2.67940939
86,1,4.57999537
91,0,5.51995834
92,1,4.96997064
97,0,0.78979144
106,1,8.29203644
117,0,3.14887085
