id,ternary_pred,phq9_pred
1,0,4.44829502
6,0,4.44830747
8,0,4.44824602
13,0,4.44828605
18,0,4.44825439
24,0,4.44827663
26,0,4.44817223
32,0,4.44825053
33,0,4.44827822
35,0,4.44827480
45,0,4.44830203
48,0,4.44823826
51,0,4.44829989
59,0,4.44824431
69,0,4.44833535
70,0,4.44830855
83,0,4.44822862
86,0,4.44826323
91,0,4.44823222
92,0,4.44835795
97,0,4.44828162
106,0,4.44824519
117,0,4.44830202
