id,ternary_pred,phq9_pred
1,0,1.84694409
6,0,0.84064929
8,0,0.15191698
13,0,1.06221253
18,0,1.07550454
24,0,3.46953370
26,0,0.27393692
32,0,0.11985419
33,0,0.11299236
35,0,0.26869685
45,2,9.90743728
48,1,5.16124160
51,0,1.41932186
59,1,4.88685175
69,2,16.06765757
70,0,0.71841768
83,0,0.16111427
86,0,1.17712930
91,2,12.60746406
92,1,5.53394204
97,0,2.24297498
106,1,7.07244378
117,0,0.99862572
