id,binary_pred,phq9_pred
1,0,3.18630751
6,1,4.10307049
8,0,5.02233428
13,0,5.18934071
18,0,4.45896194
24,0,3.12331921
26,1,6.16954821
32,0,4.17833324
33,0,3.61673157
35,0,1.96801980
45,0,4.49656746
48,0,4.44720769
51,0,3.17563694
59,0,4.57316659
69,1,3.53514939
70,0,1.16270910
83,1,5.91601627
86,0,5.49187219
91,1,6.74938470
92,0,6.54543124
97,0,4.08097793
106,0,5.37528134
117,1,6.02141755
