id,binary_pred,phq9_pred
1,0,1.86763664
6,0,0.80290957
8,0,0.02784053
13,0,0.96213916
18,0,1.05234851
24,0,3.58233946
26,0,0.09112410
32,0,0.03599456
33,0,0.02856452
35,0,0.16639821
45,1,10.33656571
48,1,5.35801969
51,0,1.41571388
59,1,5.06871515
69,1,16.81375771
70,0,0.67498038
83,0,0.03492980
86,0,1.07298619
91,1,13.13449782
92,1,5.66937714
97,0,2.27111991
106,1,7.23293021
117,0,0.91098912
