id,binary_pred,phq9_pred
1,0,4.44827586
6,0,4.44827586
8,0,4.44827586
13,0,4.44827586
18,0,4.44827586
24,0,4.44827586
26,0,4.44827586
32,0,4.44827586
33,0,4.44827586
35,0,4.44827586
45,0,4.44827586
48,0,4.44827586
51,0,4.44827586
59,0,4.44827586
69,0,4.44827586
70,0,4.44827586
83,0,4.44827586
86,0,4.44827586
91,0,4.44827586
92,0,4.44827586
97,0,4.44827586
106,0,4.44827586
117,0,4.44827586
