id,ternary_pred,phq9_pred
1,0,1.57931863
6,0,1.32875297
8,0,1.75665003
13,0,2.35650350
18,0,1.37499121
24,0,2.01056926
26,0,2.63833217
32,0,1.20444606
33,0,1.20493322
35,0,1.59176822
45,0,4.35733861
48,0,2.61622765
51,0,1.46598534
59,0,2.53473580
69,0,6.41803032
70,0,1.28021055
83,0,1.79311112
86,0,2.52405596
91,0,5.79111451
92,0,3.78230287
97,0,1.87896478
106,0,4.99680514
117,0,2.13206667
