id,binary_pred,phq9_pred
1,0,1.86421443
6,0,0.80915111
8,0,0.04836076
13,0,0.97868968
18,0,1.05617814
24,0,3.56368322
26,0,0.12135838
32,0,0.04986359
33,0,0.04252752
35,0,0.18331675
45,1,10.26559482
48,1,5.32547578
51,0,1.41631058
59,1,5.03863789
69,1,16.69036483
70,0,0.68216421
83,0,0.05579867
86,0,1.09020978
91,1,13.04733497
92,1,5.64697837
97,0,2.26646519
106,1,7.20638835
117,0,0.92548280
