id,binary_pred,phq9_pred
1,0,1.51251730
6,0,1.45058733
8,0,2.15720349
13,0,2.67956827
18,0,1.44974534
24,0,1.64640074
26,0,3.22850304
32,0,1.47516836
33,0,1.47748989
35,0,1.92201680
45,0,2.97199216
48,0,1.98097299
51,0,1.47763290
59,0,1.94762993
69,0,4.00941064
70,0,1.42043828
83,0,2.20046983
86,0,2.86025901
91,0,4.08970229
92,0,3.34508054
97,0,1.78810509
106,0,4.47871009
117,0,2.41498208
