id,ternary_pred,phq9_pred
1,0,1.61148223
6,0,1.27009199
8,0,1.56379095
13,0,2.20095379
18,0,1.33899848
24,0,2.18590966
26,0,2.35417582
32,0,1.07409828
33,0,1.07370223
35,0,1.43275964
45,0,5.02435727
48,0,2.92209101
51,0,1.46037726
59,0,2.81741640
69,0,7.57773609
70,0,1.21269349
83,0,1.59697544
86,0,2.36218042
91,0,6.61031298
92,1,3.99281733
97,0,1.92271204
106,1,5.24625831
117,0,1.99584814
