id,ternary_pred,phq9_pred
1,0,1.86909605
6,0,0.79992969
8,0,0.02057771
13,0,0.95606817
18,0,1.05053753
24,0,3.58866243
26,0,0.07802537
32,0,0.02964584
33,0,0.02303822
35,0,0.16010620
45,2,10.36203337
48,1,5.36956352
51,0,1.41662258
59,1,5.07856474
69,2,16.85791515
70,0,0.67282352
83,0,0.02813869
86,0,1.06775101
91,2,13.16665485
92,1,5.67601426
97,0,2.27204885
106,1,7.24222783
117,0,0.90573365
