id,binary_pred,phq9_pred
1,0,1.67580944
6,0,1.15277001
8,0,1.17807281
13,0,1.88985437
18,0,1.26701302
24,0,2.53659045
26,0,1.78586313
32,0,0.81340273
33,0,0.81124026
35,0,1.11474249
45,0,6.35839460
48,0,3.53381771
51,0,1.44916109
59,0,3.38277760
69,1,9.89714763
70,0,1.07765938
83,0,1.20470409
86,0,2.03842934
91,0,8.24870992
92,1,4.41384625
97,0,2.01020655
106,1,5.74516465
117,0,1.72341109
