id,binary_pred,phq9_pred
1,0,1.82743786
6,0,0.87622536
8,0,0.26888003
13,0,1.15654860
18,0,1.09733301
24,0,3.36319518
26,0,0.44626894
32,0,0.19890607
33,0,0.19257989
35,0,0.36513063
45,1,9.50291114
48,1,4.97574496
51,0,1.42272299
59,1,4.71541473
69,1,15.36433197
70,0,0.75936468
83,0,0.28006448
86,0,1.27530180
91,1,12.11064558
92,1,5.40627155
97,0,2.21644362
106,1,6.92115816
117,0,1.08123803
