gait_bank,normalization,alpha,phq_tolerance,phq_max_abs_err,phq_mean_abs_err,phq_max_pct_err,phq_mean_pct_err,phq_over_tolerance,binary_mismatches,ternary_mismatches,n_test,n_features_raw,n_features_with_bias,teacher_bank_sha256
segment,none,1e-10,0.25,1.91358040524392e-12,5.162834230180688e-13,4.530003615810006e-09,4.505592745448212e-10,0,0,0,23,4495,4496,8554b99125b0281caf97f3c55105f51ec31aae98ac667549706935b587e60cb2
base,none,1e-10,0.25,2.1290968987841552e-11,3.7452750743733505e-12,2.8377097237224594e-08,2.2703982501546842e-09,0,0,0,23,1455,1456,8554b99125b0281caf97f3c55105f51ec31aae98ac667549706935b587e60cb2
base,standard,1e-10,0.25,1.6918022538447985e-11,1.4867508944985723e-11,7.248450895075142e-08,1.1914896493155781e-08,0,0,0,23,1455,1456,8554b99125b0281caf97f3c55105f51ec31aae98ac667549706935b587e60cb2
segment,standard,1e-10,0.25,1.5655032825634407e-11,1.4879571759501108e-11,7.220395490814654e-08,1.2168461368614357e-08,0,0,0,23,4495,4496,8554b99125b0281caf97f3c55105f51ec31aae98ac667549706935b587e60cb2
