id,ternary_pred,phq9_pred
1,0,1.63721312
6,0,1.22316320
8,0,1.40950370
13,0,2.07651402
18,0,1.31020430
24,0,2.32618198
26,0,2.12685075
32,0,0.96982006
33,0,0.96871744
35,0,1.30555278
45,0,5.55797220
48,0,3.16678169
51,0,1.45589079
59,0,3.04356088
69,0,8.50550070
70,0,1.15867985
83,0,1.44006690
86,0,2.23267999
91,0,7.26567176
92,1,4.16122890
97,0,1.95770984
106,1,5.44582084
117,0,1.88687332
