id,binary_pred,phq9_pred
1,0,1.85754942
6,0,0.82130696
8,0,0.08832542
13,0,1.01092301
18,0,1.06363663
24,0,3.52734882
26,0,0.18024185
32,0,0.07687452
33,0,0.06972147
35,0,0.21626684
45,1,10.12737383
48,1,5.26209414
51,0,1.41747270
59,1,4.98006023
69,1,16.45004819
70,0,0.69615523
83,0,0.09644231
86,0,1.12375396
91,1,12.87757896
92,1,5.60335512
97,0,2.25739980
106,1,7.15469615
117,0,0.95371028
